问题Id,题干,正确道路位置,分数,题解,,
TOF1,Fourier积分是将一个时间域的函数转换为频域的函数。,0,10,Fourier积分是将一个时间域（或空间域）的函数转换为频域的函数。,T,F
TOF2,Fourier积分与Fourier变换是同一个概念的不同表述。 ,1,10,Fourier积分和Fourier变换是两种不同的概念。Fourier积分通常用于处理连续非周期信号 而Fourier变换则用于处理连续周期信号或离散信号。,T,F
TOF3,Fourier变换是一种可逆的线性变换 它可以将一个函数从时间域转换到频域。 ,0,10,Fourier变换确实是一种可逆的线性变换 用于将时间域（或空间域）中的函数转换为频域中的函数。,T,F
TOF4,连续时间信号的Fourier变换是一个以频率为变量的复值函数。 ,0,10,连续时间信号的Fourier变换是一个以频率为变量的复值函数 表示信号中不同频率分量的幅度和相位。,T,F
TOF5,Fourier变换满足线性性质 即两个函数的和的Fourier变换等于这两个函数Fourier变换的和。 ,0,10,Fourier变换确实满足线性性质 即两个函数的和的Fourier变换等于这两个函数Fourier变换的和。,T,F
TOF6,时移性质表明 如果一个函数在时域中向右移动 则其Fourier变换在频域中会向左移动。 ,0,10,时移性质表明 如果一个函数在时域中向右（或向左）移动 则其Fourier变换在频域中会向左（或向右）移动。,T,F
TOF7,两个函数的卷积在频域中等于这两个函数Fourier变换的乘积。 ,0,10,根据卷积定理 两个函数的卷积在频域中确实等于这两个函数Fourier变换的乘积。,T,F
TOF8,相关函数是卷积的一种特殊情况 其中一个函数是另一个函数的共轭。 ,0,10,相关函数确实是卷积的一种特殊情况 其中一个函数是另一个函数的共轭。在信号处理中 相关函数用于测量两个信号之间的相似性。,T,F
TOF9,多重Fourier变换是对多个变量进行Fourier变换 从而将一个多维函数转换到多维频域。 ,0,10,多重Fourier变换确实是对多个变量进行Fourier变换 用于将多维函数转换到多维频域。,T,F
TOF10,在三维空间中 三重Fourier变换可以得到一个以三个频率为变量的复值函数。 ,0,10,在三维空间中 三重Fourier变换会得到一个以三个频率为变量的复值函数 这有助于分析三维空间中的信号或数据。,T,F
TOF11,Fourier变换在信号处理、图像处理和通信系统中都有广泛的应用。 ,0,10,Fourier变换在信号处理、图像处理和通信系统中确实有广泛的应用 例如在滤波、频谱分析和调制解调等方面。,T,F
TOF12,由于Fourier变换能将时域信号转换为频域信号 因此它对于分析和设计滤波器非常重要。 ,0,10,由于Fourier变换能将时域信号转换为频域信号 它确实对于分析和设计滤波器非常重要 特别是在频率选择性滤波和噪声抑制方面。,T,F
TOF13,若函数f(z)在复平面上的某条简单闭合曲线C内部及其边界上解析 并且在C内部无零点 则f(z)在C上的留数之和为零。 ,1,15,根据柯西留数定理 若函数f(z)在复平面上的某条简单闭合曲线C内部及其边界上解析 并且在C内部及边界上的所有奇点（即使得f(z)无定义的点）处的留数之和为零 则f(z)在C上的留数之和为零。,T,F
TOF14,在复分析中 留数定理中的奇点只包括可去奇点和极点。 ,1,15,在复分析中 留数定理中的奇点不仅包括可去奇点和极点 还包括本性奇点。可去奇点是指在该点处函数无定义 但可以通过重新定义使得函数在该点解析；极点是指在该点处函数的罗必达极限存在但不为零；而本性奇点则是指在该点处函数的罗必达极限不存在或者无穷大。 ,T,F
TOF15,留数定理中的留数是指函数在奇点处的罗必达极限。,1,15,留数与函数的奇点位置有关。对于可去奇点和极点 留数可以通过计算函数在该奇点处的罗必达极限得到 但对于本性奇点 罗必达极限可能不存在或无穷大 此时留数需要通过其他方法计算。 ,T,F
TOF16,在复变函数中 一个函数的零点必然是其导数的极点,1,20,在复变函数中 一个函数的零点并不一定是其导数的极点。函数的零点是指函数值为零的点 而函数的极点是指函数在某点处的值趋于无穷大或无穷小。虽然一个函数的零点可能会导致其导数在该点处不连续或无穷大 但这并不意味着每个零点都是导数的极点。,T,F
